Model,Train_Accuracy,Test_Accuracy,Cross_val_score,Log_Loss
Logistic Regression,0.535,0.48,0.49874999999999997,0.6997936376484793
KNeighbors Classifier,1.0,0.505,0.52125,0.7536491757340622
Decision Tree,0.54125,0.54,0.5375,0.7072942730352048
Random Forest,0.995,0.48,0.5325,0.7553093633739227
AdaBoost,0.56375,0.47,0.5274999999999999,0.7353652579271315
Gradient Boosting,1.0,0.49,0.5362500000000001,1.167914345718235
XGBoost,0.8025,0.455,0.54,0.7249810569166357
SVM,0.565,0.45,0.5337500000000001,0.6970455688516906
